date,datetime,cash_type,card,money(Ksh),coffee_name
3/1/2024,15:50.5,card,ANON-0000-0000-0001,121.905,Latte
3/1/2024,19:22.5,card,ANON-0000-0000-0002,121.905,Hot Chocolate
3/1/2024,20:18.1,card,ANON-0000-0000-0002,121.905,Hot Chocolate
3/1/2024,46:33.0,card,ANON-0000-0000-0003,91.035,Americano
3/1/2024,48:14.6,card,ANON-0000-0000-0004,121.905,Latte
3/1/2024,39:47.7,card,ANON-0000-0000-0005,106.47,Americano with Milk
3/1/2024,19:02.8,card,ANON-0000-0000-0006,121.905,Hot Chocolate
3/1/2024,39:03.6,card,ANON-0000-0000-0007,106.47,Americano with Milk
3/1/2024,22:01.8,card,ANON-0000-0000-0008,121.905,Cocoa
3/1/2024,23:15.9,card,ANON-0000-0000-0008,106.47,Americano with Milk
3/1/2024,29:17.4,card,ANON-0000-0000-0009,106.47,Americano with Milk
3/2/2024,22:07.0,card,ANON-0000-0000-0010,91.035,Americano
3/2/2024,30:35.7,cash,,126,Latte
3/2/2024,41:41.2,card,ANON-0000-0000-0011,106.47,Americano with Milk
3/2/2024,59:45.5,card,ANON-0000-0000-0012,106.47,Americano with Milk
3/2/2024,38:35.5,card,ANON-0000-0000-0013,91.035,Americano
3/2/2024,37:24.5,card,ANON-0000-0000-0014,106.47,Americano with Milk
3/2/2024,34:55.0,card,ANON-0000-0000-0004,91.035,Americano
3/3/2024,10:44.0,cash,,126,Latte
3/3/2024,27:18.6,card,ANON-0000-0000-0015,121.905,Latte
3/3/2024,33:56.1,card,ANON-0000-0000-0016,91.035,Cortado
3/3/2024,26:56.1,card,ANON-0000-0000-0012,91.035,Americano
3/3/2024,09:36.3,card,ANON-0000-0000-0017,121.905,Hot Chocolate
3/3/2024,06:40.3,card,ANON-0000-0000-0018,121.905,Cocoa
3/3/2024,08:45.9,card,ANON-0000-0000-0019,91.035,Cortado
3/3/2024,03:23.4,card,ANON-0000-0000-0020,106.47,Americano with Milk
3/3/2024,04:27.9,card,ANON-0000-0000-0020,106.47,Americano with Milk
3/3/2024,08:05.0,card,ANON-0000-0000-0020,121.905,Hot Chocolate
3/4/2024,03:52.0,card,ANON-0000-0000-0001,121.905,Latte
3/4/2024,54:51.0,card,ANON-0000-0000-0021,121.905,Latte
3/4/2024,05:16.2,card,ANON-0000-0000-0012,106.47,Americano with Milk
3/4/2024,04:37.7,card,ANON-0000-0000-0022,75.6,Espresso
3/5/2024,59:52.7,card,ANON-0000-0000-0001,121.905,Latte
3/5/2024,34:56.0,card,ANON-0000-0000-0023,121.905,Latte
3/5/2024,34:06.0,card,ANON-0000-0000-0024,121.905,Latte
3/5/2024,35:25.0,card,ANON-0000-0000-0025,121.905,Hot Chocolate
3/5/2024,36:28.6,card,ANON-0000-0000-0026,121.905,Cocoa
3/5/2024,37:13.7,card,ANON-0000-0000-0027,121.905,Hot Chocolate
3/5/2024,38:09.4,card,ANON-0000-0000-0009,121.905,Hot Chocolate
3/5/2024,56:15.8,card,ANON-0000-0000-0028,91.035,Cortado
3/5/2024,01:31.2,card,ANON-0000-0000-0028,121.905,Hot Chocolate
3/6/2024,30:27.1,cash,,110.25,Americano with Milk
3/6/2024,24:07.7,card,ANON-0000-0000-0012,91.035,Americano
3/6/2024,25:14.4,card,ANON-0000-0000-0012,91.035,Cortado
3/6/2024,52:01.8,card,ANON-0000-0000-0029,121.905,Cappuccino
3/6/2024,53:18.3,card,ANON-0000-0000-0029,121.905,Cappuccino
3/7/2024,08:58.9,cash,,126,Latte
3/7/2024,18:40.5,card,ANON-0000-0000-0030,121.905,Hot Chocolate
3/7/2024,03:59.0,card,ANON-0000-0000-0031,121.905,Latte
3/7/2024,25:44.0,cash,,126,Latte
3/7/2024,40:22.6,card,ANON-0000-0000-0032,91.035,Americano
3/7/2024,41:28.8,card,ANON-0000-0000-0033,106.47,Americano with Milk
3/8/2024,34:41.3,card,ANON-0000-0000-0012,91.035,Cortado
3/8/2024,22:28.7,card,ANON-0000-0000-0034,121.905,Cappuccino
3/8/2024,53:02.0,card,ANON-0000-0000-0035,91.035,Americano
3/8/2024,44:12.7,card,ANON-0000-0000-0012,91.035,Americano
3/8/2024,45:11.0,card,ANON-0000-0000-0033,91.035,Americano
3/8/2024,46:11.2,card,ANON-0000-0000-0012,106.47,Americano with Milk
3/8/2024,57:51.5,card,ANON-0000-0000-0036,121.905,Latte
3/8/2024,59:24.9,card,ANON-0000-0000-0037,121.905,Latte
3/9/2024,49:37.3,cash,,126,Hot Chocolate
3/9/2024,05:15.6,card,ANON-0000-0000-0038,75.6,Espresso
3/9/2024,07:38.3,card,ANON-0000-0000-0039,91.035,Americano
3/9/2024,09:47.7,card,ANON-0000-0000-0012,121.905,Cappuccino
3/9/2024,13:03.5,card,ANON-0000-0000-0040,91.035,Americano
3/9/2024,14:26.5,card,ANON-0000-0000-0040,91.035,Americano
3/9/2024,09:22.2,card,ANON-0000-0000-0041,121.905,Latte
3/9/2024,41:06.2,card,ANON-0000-0000-0042,106.47,Americano with Milk
3/9/2024,53:10.4,card,ANON-0000-0000-0043,91.035,Cortado
3/9/2024,54:36.8,card,ANON-0000-0000-0043,121.905,Cappuccino
3/9/2024,08:01.8,card,ANON-0000-0000-0009,106.47,Americano with Milk
3/9/2024,26:52.9,card,ANON-0000-0000-0044,121.905,Hot Chocolate
3/9/2024,17:57.6,card,ANON-0000-0000-0009,121.905,Cappuccino
3/9/2024,19:10.1,card,ANON-0000-0000-0009,121.905,Hot Chocolate
3/10/2024,44:18.5,cash,,94.5,Americano
3/10/2024,45:29.4,cash,,110.25,Americano with Milk
3/10/2024,06:03.0,cash,,126,Latte
3/10/2024,19:20.8,card,ANON-0000-0000-0045,75.6,Espresso
3/10/2024,51:03.0,cash,,110.25,Americano with Milk
3/10/2024,34:00.5,card,ANON-0000-0000-0046,121.905,Latte
3/10/2024,35:54.7,card,ANON-0000-0000-0046,91.035,Cortado
3/11/2024,18:46.7,cash,,126,Latte
3/11/2024,24:15.0,cash,,126,Cappuccino
3/11/2024,24:51.6,cash,,94.5,Cortado
3/11/2024,26:44.2,cash,,94.5,Americano
3/11/2024,32:58.8,card,ANON-0000-0000-0035,121.905,Cappuccino
3/11/2024,24:26.4,card,ANON-0000-0000-0047,91.035,Americano
3/11/2024,25:45.7,card,ANON-0000-0000-0047,121.905,Latte
3/11/2024,50:49.6,card,ANON-0000-0000-0048,91.035,Cortado
3/12/2024,15:00.3,cash,,126,Latte
3/12/2024,15:34.5,card,ANON-0000-0000-0033,91.035,Americano
3/12/2024,16:24.9,card,ANON-0000-0000-0033,91.035,Cortado
3/12/2024,20:45.6,card,ANON-0000-0000-0049,121.905,Hot Chocolate
3/12/2024,46:23.3,card,ANON-0000-0000-0004,106.47,Americano with Milk
3/12/2024,47:26.0,card,ANON-0000-0000-0004,91.035,Americano
3/12/2024,15:43.3,card,ANON-0000-0000-0050,91.035,Americano
3/13/2024,06:43.0,card,ANON-0000-0000-0048,121.905,Hot Chocolate
3/13/2024,48:16.8,card,ANON-0000-0000-0004,91.035,Americano
3/13/2024,18:06.3,card,ANON-0000-0000-0051,91.035,Americano
3/13/2024,19:05.1,card,ANON-0000-0000-0051,91.035,Americano
3/13/2024,34:30.3,cash,,78.75,Espresso
3/13/2024,26:40.9,card,ANON-0000-0000-0052,106.47,Americano with Milk
3/13/2024,40:22.3,card,ANON-0000-0000-0053,75.6,Espresso
3/13/2024,41:20.4,card,ANON-0000-0000-0053,75.6,Espresso
3/13/2024,47:09.4,card,ANON-0000-0000-0054,75.6,Espresso
3/14/2024,02:12.2,cash,,126,Latte
3/14/2024,28:33.0,card,ANON-0000-0000-0055,121.905,Latte
3/14/2024,29:34.3,card,ANON-0000-0000-0055,121.905,Hot Chocolate
3/14/2024,27:29.5,card,ANON-0000-0000-0012,91.035,Cortado
3/14/2024,28:24.5,card,ANON-0000-0000-0012,91.035,Americano
3/14/2024,51:59.9,card,ANON-0000-0000-0056,106.47,Americano with Milk
3/14/2024,52:56.2,card,ANON-0000-0000-0057,75.6,Espresso
3/14/2024,20:38.4,card,ANON-0000-0000-0058,121.905,Latte
3/14/2024,04:09.5,card,ANON-0000-0000-0059,106.47,Americano with Milk
3/14/2024,54:38.2,card,ANON-0000-0000-0050,75.6,Espresso
3/14/2024,58:55.9,card,ANON-0000-0000-0019,121.905,Hot Chocolate
3/14/2024,00:08.7,card,ANON-0000-0000-0012,91.035,Cortado
3/15/2024,02:16.5,cash,,126,Latte
3/15/2024,53:02.2,card,ANON-0000-0000-0060,121.905,Hot Chocolate
3/15/2024,19:27.9,card,ANON-0000-0000-0012,91.035,Americano
3/16/2024,06:55.2,card,ANON-0000-0000-0061,106.47,Americano with Milk
3/16/2024,07:53.9,card,ANON-0000-0000-0061,91.035,Americano
3/16/2024,58:18.5,card,ANON-0000-0000-0009,91.035,Cortado
3/16/2024,03:21.7,card,ANON-0000-0000-0009,91.035,Cortado
3/16/2024,04:11.4,card,ANON-0000-0000-0012,91.035,Cortado
3/16/2024,58:07.2,card,ANON-0000-0000-0062,106.47,Americano with Milk
3/17/2024,10:21.4,cash,,126,Latte
3/17/2024,55:26.1,card,ANON-0000-0000-0063,91.035,Cortado
3/18/2024,17:59.7,card,ANON-0000-0000-0064,91.035,Cortado
3/18/2024,31:39.7,card,ANON-0000-0000-0003,91.035,Americano
3/18/2024,32:38.2,card,ANON-0000-0000-0003,91.035,Americano
3/18/2024,33:36.7,card,ANON-0000-0000-0003,91.035,Americano
3/19/2024,20:26.0,cash,,94.5,Cortado
3/19/2024,02:21.5,card,ANON-0000-0000-0065,121.905,Latte
3/19/2024,03:19.8,card,ANON-0000-0000-0065,121.905,Latte
3/19/2024,04:36.3,card,ANON-0000-0000-0049,121.905,Hot Chocolate
3/19/2024,53:48.7,card,ANON-0000-0000-0066,106.47,Americano with Milk
3/19/2024,26:32.7,cash,,126,Hot Chocolate
3/20/2024,41:16.4,card,ANON-0000-0000-0012,91.035,Cortado
3/20/2024,21:07.7,cash,,126,Latte
3/20/2024,30:49.0,card,ANON-0000-0000-0049,91.035,Cortado
3/20/2024,16:47.4,card,ANON-0000-0000-0067,121.905,Cappuccino
3/20/2024,42:38.1,card,ANON-0000-0000-0050,121.905,Cocoa
3/20/2024,50:28.8,card,ANON-0000-0000-0068,121.905,Latte
3/21/2024,18:57.0,cash,,126,Cappuccino
3/21/2024,25:09.2,card,ANON-0000-0000-0012,91.035,Cortado
3/21/2024,26:17.4,card,ANON-0000-0000-0012,121.905,Cappuccino
3/21/2024,21:01.5,cash,,94.5,Americano
3/21/2024,22:01.4,card,ANON-0000-0000-0012,91.035,Cortado
3/21/2024,20:36.5,card,ANON-0000-0000-0069,121.905,Latte
3/22/2024,35:53.6,card,ANON-0000-0000-0070,106.47,Americano with Milk
3/22/2024,29:20.3,card,ANON-0000-0000-0071,106.47,Americano with Milk
3/22/2024,15:14.4,cash,,126,Cappuccino
3/22/2024,17:03.7,card,ANON-0000-0000-0012,91.035,Americano
3/22/2024,17:59.0,card,ANON-0000-0000-0012,75.6,Espresso
3/22/2024,20:49.5,card,ANON-0000-0000-0050,91.035,Americano
3/23/2024,43:59.6,card,ANON-0000-0000-0072,121.905,Latte
3/23/2024,45:07.2,card,ANON-0000-0000-0073,106.47,Americano with Milk
3/23/2024,10:07.7,card,ANON-0000-0000-0074,121.905,Cappuccino
3/23/2024,11:12.2,card,ANON-0000-0000-0074,121.905,Cocoa
3/23/2024,44:41.3,card,ANON-0000-0000-0075,106.47,Americano with Milk
3/23/2024,47:19.1,card,ANON-0000-0000-0076,121.905,Latte
3/23/2024,49:33.8,card,ANON-0000-0000-0076,106.47,Americano with Milk
3/23/2024,00:58.4,card,ANON-0000-0000-0009,91.035,Cortado
3/24/2024,03:56.0,cash,,126,Latte
3/24/2024,45:08.4,card,ANON-0000-0000-0077,121.905,Latte
3/25/2024,31:47.2,card,ANON-0000-0000-0009,121.905,Latte
3/25/2024,16:25.7,cash,,110.25,Americano with Milk
3/25/2024,27:09.2,card,ANON-0000-0000-0078,121.905,Latte
3/25/2024,29:25.3,card,ANON-0000-0000-0017,121.905,Latte
3/25/2024,37:30.6,card,ANON-0000-0000-0024,106.47,Americano with Milk
3/25/2024,34:24.5,card,ANON-0000-0000-0079,121.905,Cappuccino
3/26/2024,35:49.7,card,ANON-0000-0000-0055,121.905,Cocoa
3/26/2024,36:36.2,card,ANON-0000-0000-0055,121.905,Latte
3/26/2024,42:30.2,card,ANON-0000-0000-0080,121.905,Latte
3/26/2024,11:47.3,card,ANON-0000-0000-0009,91.035,Cortado
3/26/2024,35:52.8,card,ANON-0000-0000-0003,91.035,Americano
3/26/2024,36:49.6,card,ANON-0000-0000-0032,91.035,Cortado
3/26/2024,37:59.7,card,ANON-0000-0000-0059,91.035,Cortado
3/26/2024,57:53.7,card,ANON-0000-0000-0050,91.035,Americano
3/26/2024,48:02.3,card,ANON-0000-0000-0081,121.905,Latte
3/26/2024,33:38.6,card,ANON-0000-0000-0024,121.905,Latte
3/26/2024,34:54.6,card,ANON-0000-0000-0009,121.905,Hot Chocolate
3/27/2024,04:51.2,card,ANON-0000-0000-0003,91.035,Cortado
3/27/2024,05:58.2,card,ANON-0000-0000-0003,106.47,Americano with Milk
3/27/2024,57:00.5,card,ANON-0000-0000-0082,106.47,Americano with Milk
3/27/2024,35:20.0,card,ANON-0000-0000-0083,121.905,Hot Chocolate
3/27/2024,22:31.7,card,ANON-0000-0000-0012,121.905,Cappuccino
3/27/2024,23:35.4,card,ANON-0000-0000-0012,91.035,Americano
3/27/2024,30:11.8,card,ANON-0000-0000-0084,91.035,Cortado
3/27/2024,31:12.4,cash,,126,Latte
3/28/2024,24:47.1,card,ANON-0000-0000-0085,91.035,Cortado
3/28/2024,24:46.2,card,ANON-0000-0000-0012,91.035,Cortado
3/28/2024,27:05.3,card,ANON-0000-0000-0012,91.035,Americano
3/28/2024,32:44.7,card,ANON-0000-0000-0086,121.905,Latte
3/29/2024,56:19.5,card,ANON-0000-0000-0087,121.905,Latte
3/29/2024,34:17.4,card,ANON-0000-0000-0088,121.905,Cappuccino
3/29/2024,41:32.1,card,ANON-0000-0000-0088,121.905,Cappuccino
3/29/2024,22:44.6,cash,,126,Cappuccino
3/30/2024,59:19.9,card,ANON-0000-0000-0069,121.905,Latte
3/30/2024,49:25.8,cash,,126,Cappuccino
3/30/2024,12:31.8,card,ANON-0000-0000-0017,121.905,Latte
3/30/2024,36:40.5,card,ANON-0000-0000-0009,121.905,Latte
3/30/2024,37:57.6,card,ANON-0000-0000-0009,106.47,Americano with Milk
3/31/2024,40:04.5,card,ANON-0000-0000-0089,121.905,Cappuccino
3/31/2024,36:45.0,cash,,94.5,Americano
4/1/2024,28:47.6,card,ANON-0000-0000-0004,91.035,Americano
4/1/2024,29:42.3,card,ANON-0000-0000-0004,106.47,Americano with Milk
4/1/2024,30:43.7,card,ANON-0000-0000-0004,106.47,Americano with Milk
4/1/2024,15:43.8,card,ANON-0000-0000-0009,106.47,Americano with Milk
4/1/2024,01:42.9,cash,,126,Cappuccino
4/1/2024,18:42.4,card,ANON-0000-0000-0024,106.47,Americano with Milk
4/1/2024,45:27.4,card,ANON-0000-0000-0090,121.905,Hot Chocolate
4/2/2024,01:14.0,card,ANON-0000-0000-0001,121.905,Latte
4/2/2024,18:34.2,card,ANON-0000-0000-0003,91.035,Americano
4/2/2024,19:28.5,card,ANON-0000-0000-0003,91.035,Cortado
4/2/2024,59:31.9,cash,,126,Cappuccino
4/3/2024,19:13.6,card,ANON-0000-0000-0003,91.035,Cortado
4/3/2024,20:07.7,card,ANON-0000-0000-0003,91.035,Americano
4/3/2024,12:05.4,card,ANON-0000-0000-0012,121.905,Cappuccino
4/3/2024,36:11.7,cash,,94.5,Cortado
4/4/2024,44:56.0,card,ANON-0000-0000-0091,121.905,Latte
4/4/2024,26:38.1,card,ANON-0000-0000-0092,121.905,Latte
4/4/2024,27:48.4,card,ANON-0000-0000-0093,121.905,Cappuccino
4/4/2024,23:02.2,card,ANON-0000-0000-0094,91.035,Cortado
4/4/2024,42:07.7,cash,,126,Latte
4/5/2024,40:42.7,card,ANON-0000-0000-0095,91.035,Americano
4/5/2024,42:06.2,card,ANON-0000-0000-0012,91.035,Americano
4/5/2024,06:14.6,card,ANON-0000-0000-0096,91.035,Cortado
4/5/2024,14:28.0,card,ANON-0000-0000-0097,106.47,Americano with Milk
4/5/2024,23:40.4,card,ANON-0000-0000-0098,121.905,Latte
4/5/2024,24:50.4,card,ANON-0000-0000-0098,91.035,Cortado
4/5/2024,30:50.4,cash,,126,Latte
4/5/2024,54:15.8,cash,,126,Cappuccino
4/5/2024,55:30.9,cash,,94.5,Americano
4/5/2024,17:44.0,cash,,126,Cocoa
4/5/2024,18:23.6,card,ANON-0000-0000-0003,75.6,Espresso
4/6/2024,32:31.4,card,ANON-0000-0000-0099,106.47,Americano with Milk
4/6/2024,13:18.7,card,ANON-0000-0000-0040,121.905,Cappuccino
4/6/2024,14:27.0,card,ANON-0000-0000-0040,91.035,Americano
4/6/2024,49:50.2,card,ANON-0000-0000-0009,121.905,Latte
4/7/2024,12:53.2,card,ANON-0000-0000-0091,121.905,Latte
4/7/2024,44:31.9,card,ANON-0000-0000-0040,121.905,Cappuccino
4/7/2024,46:05.1,card,ANON-0000-0000-0040,121.905,Cappuccino
4/7/2024,16:24.9,card,ANON-0000-0000-0100,91.035,Cortado
4/7/2024,17:30.6,card,ANON-0000-0000-0100,75.6,Espresso
4/7/2024,01:16.6,card,ANON-0000-0000-0101,121.905,Hot Chocolate
4/7/2024,02:03.9,card,ANON-0000-0000-0101,106.47,Americano with Milk
4/8/2024,58:21.1,card,ANON-0000-0000-0102,106.47,Americano with Milk
4/8/2024,59:27.6,card,ANON-0000-0000-0103,121.905,Cappuccino
4/8/2024,01:20.5,card,ANON-0000-0000-0012,91.035,Americano
4/8/2024,04:47.0,card,ANON-0000-0000-0104,121.905,Cappuccino
4/8/2024,54:25.9,cash,,78.75,Espresso
4/8/2024,43:36.9,cash,,110.25,Americano with Milk
4/8/2024,41:37.8,card,ANON-0000-0000-0017,121.905,Latte
4/8/2024,18:09.7,card,ANON-0000-0000-0105,91.035,Americano
4/8/2024,22:27.5,card,ANON-0000-0000-0024,106.47,Americano with Milk
4/8/2024,23:59.3,card,ANON-0000-0000-0106,121.905,Cappuccino
4/9/2024,22:27.4,cash,,126,Cappuccino
4/9/2024,24:10.1,cash,,94.5,Americano
4/9/2024,42:28.5,card,ANON-0000-0000-0091,121.905,Latte
4/9/2024,11:48.7,card,ANON-0000-0000-0107,121.905,Hot Chocolate
4/9/2024,25:23.9,card,ANON-0000-0000-0049,121.905,Hot Chocolate
4/10/2024,21:26.2,cash,,78.75,Espresso
4/10/2024,55:07.0,cash,,126,Hot Chocolate
4/10/2024,55:31.2,card,ANON-0000-0000-0108,75.6,Espresso
4/10/2024,24:59.3,card,ANON-0000-0000-0009,121.905,Cappuccino
4/10/2024,04:05.4,card,ANON-0000-0000-0109,121.905,Latte
4/11/2024,41:23.2,card,ANON-0000-0000-0110,91.035,Americano
4/11/2024,42:59.4,card,ANON-0000-0000-0110,91.035,Americano
4/11/2024,35:23.1,card,ANON-0000-0000-0017,121.905,Latte
4/11/2024,16:56.6,card,ANON-0000-0000-0106,121.905,Cappuccino
4/11/2024,18:36.6,card,ANON-0000-0000-0024,106.47,Americano with Milk
4/12/2024,03:43.4,card,ANON-0000-0000-0019,121.905,Hot Chocolate
4/12/2024,38:23.2,card,ANON-0000-0000-0009,91.035,Cortado
4/13/2024,29:19.8,card,ANON-0000-0000-0009,121.905,Latte
4/13/2024,43:02.4,card,ANON-0000-0000-0012,91.035,Americano
4/13/2024,06:52.3,cash,,126,Hot Chocolate
4/13/2024,07:56.0,cash,,126,Hot Chocolate
4/13/2024,18:03.9,card,ANON-0000-0000-0111,121.905,Cappuccino
4/13/2024,19:39.8,card,ANON-0000-0000-0111,121.905,Latte
4/13/2024,51:26.0,card,ANON-0000-0000-0112,121.905,Cappuccino
4/13/2024,53:19.2,card,ANON-0000-0000-0012,121.905,Cappuccino
4/14/2024,55:27.4,cash,,126,Latte
4/14/2024,24:39.0,card,ANON-0000-0000-0113,121.905,Cappuccino
4/14/2024,27:09.0,cash,,94.5,Cortado
4/14/2024,29:06.9,cash,,94.5,Cortado
4/14/2024,31:36.0,cash,,110.25,Americano with Milk
4/14/2024,21:49.8,card,ANON-0000-0000-0114,91.035,Cortado
4/14/2024,23:31.6,card,ANON-0000-0000-0012,91.035,Americano
4/14/2024,24:26.9,card,ANON-0000-0000-0012,91.035,Americano
4/14/2024,25:18.1,card,ANON-0000-0000-0012,91.035,Americano
4/14/2024,46:27.7,card,ANON-0000-0000-0017,121.905,Cappuccino
4/14/2024,59:54.8,card,ANON-0000-0000-0012,91.035,Cortado
4/14/2024,00:45.4,card,ANON-0000-0000-0019,121.905,Latte
4/14/2024,38:19.6,card,ANON-0000-0000-0115,121.905,Cappuccino
4/15/2024,45:24.6,card,ANON-0000-0000-0064,91.035,Americano
4/15/2024,01:46.4,card,ANON-0000-0000-0003,91.035,Americano
4/15/2024,02:49.7,card,ANON-0000-0000-0004,106.47,Americano with Milk
4/15/2024,33:03.0,card,ANON-0000-0000-0009,106.47,Americano with Milk
4/15/2024,41:58.1,cash,,78.75,Espresso
4/16/2024,43:49.9,cash,,110.25,Americano with Milk
4/16/2024,46:25.7,card,ANON-0000-0000-0116,106.47,Americano with Milk
4/16/2024,40:47.7,card,ANON-0000-0000-0117,121.905,Cocoa
4/16/2024,52:07.7,card,ANON-0000-0000-0064,91.035,Cortado
4/16/2024,03:16.9,card,ANON-0000-0000-0118,91.035,Americano
4/16/2024,42:04.2,card,ANON-0000-0000-0024,106.47,Americano with Milk
4/16/2024,43:23.0,card,ANON-0000-0000-0009,121.905,Cappuccino
4/16/2024,09:05.3,card,ANON-0000-0000-0050,121.905,Cocoa
4/17/2024,32:59.8,card,ANON-0000-0000-0012,91.035,Americano
4/17/2024,44:00.2,card,ANON-0000-0000-0119,75.6,Espresso
4/17/2024,13:24.3,cash,,126,Cappuccino
4/17/2024,01:35.1,card,ANON-0000-0000-0120,121.905,Cappuccino
4/17/2024,02:40.7,card,ANON-0000-0000-0120,121.905,Cappuccino
4/17/2024,14:03.2,card,ANON-0000-0000-0121,91.035,Cortado
4/18/2024,19:01.7,card,ANON-0000-0000-0003,91.035,Americano
4/18/2024,20:05.7,card,ANON-0000-0000-0003,91.035,Americano
4/18/2024,49:12.7,card,ANON-0000-0000-0122,106.47,Americano with Milk
4/18/2024,50:17.3,card,ANON-0000-0000-0122,91.035,Cortado
4/18/2024,34:19.8,card,ANON-0000-0000-0123,121.905,Cappuccino
4/18/2024,35:49.4,card,ANON-0000-0000-0123,121.905,Latte
4/18/2024,44:15.8,card,ANON-0000-0000-0069,121.905,Latte
4/18/2024,21:05.9,card,ANON-0000-0000-0085,121.905,Cappuccino
4/18/2024,39:51.2,card,ANON-0000-0000-0024,121.905,Hot Chocolate
4/18/2024,40:49.0,card,ANON-0000-0000-0009,121.905,Hot Chocolate
4/19/2024,10:36.3,card,ANON-0000-0000-0001,121.905,Latte
4/19/2024,11:47.8,card,ANON-0000-0000-0040,106.47,Americano with Milk
4/19/2024,13:20.9,card,ANON-0000-0000-0040,121.905,Cappuccino
4/19/2024,58:54.1,card,ANON-0000-0000-0124,121.905,Hot Chocolate
4/19/2024,59:49.7,card,ANON-0000-0000-0124,121.905,Cappuccino
4/19/2024,23:19.3,card,ANON-0000-0000-0024,121.905,Cocoa
4/19/2024,25:33.4,card,ANON-0000-0000-0009,106.47,Americano with Milk
4/20/2024,24:42.7,cash,,110.25,Americano with Milk
4/20/2024,08:35.7,card,ANON-0000-0000-0125,106.47,Americano with Milk
4/20/2024,09:42.7,card,ANON-0000-0000-0125,106.47,Americano with Milk
4/20/2024,08:37.4,card,ANON-0000-0000-0118,91.035,Americano
4/20/2024,09:47.9,card,ANON-0000-0000-0118,106.47,Americano with Milk
4/20/2024,10:55.2,card,ANON-0000-0000-0118,121.905,Hot Chocolate
4/20/2024,44:18.1,card,ANON-0000-0000-0040,121.905,Cappuccino
4/20/2024,11:00.3,card,ANON-0000-0000-0009,106.47,Americano with Milk
4/20/2024,22:40.7,card,ANON-0000-0000-0012,103.383,Americano with Milk
4/20/2024,49:25.1,card,ANON-0000-0000-0126,103.383,Americano with Milk
4/20/2024,07:58.0,cash,,122.85,Cocoa
4/20/2024,27:41.5,card,ANON-0000-0000-0127,118.818,Cappuccino
4/20/2024,28:46.9,card,ANON-0000-0000-0127,118.818,Cappuccino
4/20/2024,30:55.3,card,ANON-0000-0000-0128,118.818,Latte
4/21/2024,16:45.7,card,ANON-0000-0000-0001,118.818,Latte
4/21/2024,15:37.5,card,ANON-0000-0000-0099,87.948,Americano
4/21/2024,09:03.2,cash,,122.85,Cappuccino
4/22/2024,09:16.4,card,ANON-0000-0000-0012,87.948,Americano
4/22/2024,29:27.1,card,ANON-0000-0000-0129,103.383,Americano with Milk
4/22/2024,40:33.0,cash,,122.85,Latte
4/22/2024,39:04.8,card,ANON-0000-0000-0009,118.818,Latte
4/22/2024,02:29.2,cash,,122.85,Cappuccino
4/23/2024,22:36.0,card,ANON-0000-0000-0025,118.818,Cappuccino
4/23/2024,23:53.1,card,ANON-0000-0000-0024,103.383,Americano with Milk
4/23/2024,24:57.5,card,ANON-0000-0000-0009,118.818,Cappuccino
4/23/2024,42:27.8,card,ANON-0000-0000-0130,103.383,Americano with Milk
4/23/2024,43:26.2,card,ANON-0000-0000-0130,103.383,Americano with Milk
4/24/2024,19:38.3,card,ANON-0000-0000-0001,118.818,Latte
4/24/2024,21:27.3,card,ANON-0000-0000-0131,103.383,Americano with Milk
4/24/2024,23:46.1,card,ANON-0000-0000-0132,103.383,Americano with Milk
4/24/2024,33:26.3,card,ANON-0000-0000-0133,103.383,Americano with Milk
4/24/2024,39:09.3,card,ANON-0000-0000-0059,103.383,Americano with Milk
4/24/2024,39:07.4,card,ANON-0000-0000-0009,103.383,Americano with Milk
4/24/2024,39:50.0,card,ANON-0000-0000-0134,103.383,Americano with Milk
4/24/2024,40:54.0,card,ANON-0000-0000-0134,118.818,Cappuccino
4/25/2024,46:08.1,card,ANON-0000-0000-0135,87.948,Americano
4/25/2024,18:27.0,card,ANON-0000-0000-0009,118.818,Latte
4/25/2024,09:43.5,card,ANON-0000-0000-0012,87.948,Americano
4/25/2024,10:49.2,card,ANON-0000-0000-0012,87.948,Americano
4/26/2024,12:50.6,card,ANON-0000-0000-0001,118.818,Latte
4/26/2024,01:30.6,card,ANON-0000-0000-0136,118.818,Latte
4/26/2024,31:28.3,card,ANON-0000-0000-0137,118.818,Cappuccino
4/26/2024,32:35.4,card,ANON-0000-0000-0012,87.948,Americano
4/26/2024,33:33.1,card,ANON-0000-0000-0012,87.948,Americano
4/26/2024,23:26.5,card,ANON-0000-0000-0138,87.948,Cortado
4/26/2024,24:33.8,card,ANON-0000-0000-0139,87.948,Americano
4/26/2024,32:07.1,card,ANON-0000-0000-0009,118.818,Hot Chocolate
4/26/2024,33:30.2,card,ANON-0000-0000-0009,118.818,Cocoa
4/27/2024,27:00.7,card,ANON-0000-0000-0009,118.818,Cappuccino
4/28/2024,32:52.5,card,ANON-0000-0000-0001,118.818,Latte
4/28/2024,30:09.7,card,ANON-0000-0000-0140,118.818,Cappuccino
4/28/2024,27:08.2,card,ANON-0000-0000-0012,87.948,Americano
4/28/2024,28:11.4,card,ANON-0000-0000-0012,87.948,Americano
4/28/2024,29:02.4,card,ANON-0000-0000-0019,118.818,Latte
4/29/2024,26:31.9,card,ANON-0000-0000-0141,87.948,Cortado
4/29/2024,27:56.9,card,ANON-0000-0000-0003,87.948,Americano
4/29/2024,28:53.9,card,ANON-0000-0000-0003,87.948,Cortado
4/29/2024,53:35.7,card,ANON-0000-0000-0141,87.948,Cortado
4/29/2024,54:24.4,card,ANON-0000-0000-0141,103.383,Americano with Milk
4/29/2024,37:48.4,card,ANON-0000-0000-0140,118.818,Cappuccino
4/29/2024,12:33.2,card,ANON-0000-0000-0134,118.818,Cappuccino
4/29/2024,13:37.9,card,ANON-0000-0000-0134,118.818,Cappuccino
4/30/2024,16:41.5,card,ANON-0000-0000-0142,118.818,Latte
4/30/2024,34:52.2,card,ANON-0000-0000-0142,103.383,Americano with Milk
4/30/2024,35:47.6,card,ANON-0000-0000-0142,103.383,Americano with Milk
4/30/2024,41:52.3,card,ANON-0000-0000-0142,87.948,Americano
4/30/2024,43:00.0,card,ANON-0000-0000-0142,103.383,Americano with Milk
4/30/2024,19:18.1,card,ANON-0000-0000-0142,118.818,Cappuccino
4/30/2024,30:04.0,card,ANON-0000-0000-0142,103.383,Americano with Milk
4/30/2024,31:21.0,card,ANON-0000-0000-0142,118.818,Latte
5/2/2024,33:55.7,card,ANON-0000-0000-0143,87.948,Americano
5/2/2024,29:57.1,cash,,122.85,Latte
5/2/2024,49:39.9,card,ANON-0000-0000-0133,103.383,Americano with Milk
5/2/2024,36:22.1,card,ANON-0000-0000-0144,118.818,Cappuccino
5/2/2024,41:11.2,card,ANON-0000-0000-0024,103.383,Americano with Milk
5/2/2024,18:33.1,card,ANON-0000-0000-0145,118.818,Latte
5/2/2024,19:56.4,card,ANON-0000-0000-0145,118.818,Cappuccino
5/3/2024,11:53.4,cash,,122.85,Latte
5/3/2024,30:00.9,card,ANON-0000-0000-0146,118.818,Latte
5/3/2024,03:24.9,card,ANON-0000-0000-0147,118.818,Latte
5/6/2024,05:17.9,card,ANON-0000-0000-0148,87.948,Americano
5/6/2024,06:51.6,card,ANON-0000-0000-0149,118.818,Cappuccino
5/6/2024,08:05.9,card,ANON-0000-0000-0149,103.383,Americano with Milk
5/6/2024,09:08.0,card,ANON-0000-0000-0150,87.948,Americano
5/6/2024,39:12.6,card,ANON-0000-0000-0141,87.948,Cortado
5/6/2024,34:20.6,cash,,91.35,Americano
5/6/2024,18:11.0,card,ANON-0000-0000-0148,87.948,Cortado
5/6/2024,19:00.8,card,ANON-0000-0000-0148,87.948,Americano
5/6/2024,18:13.0,card,ANON-0000-0000-0151,118.818,Cappuccino
5/6/2024,19:49.5,card,ANON-0000-0000-0151,118.818,Cappuccino
5/7/2024,44:55.6,card,ANON-0000-0000-0148,118.818,Cocoa
5/7/2024,21:58.5,card,ANON-0000-0000-0141,87.948,Cortado
5/7/2024,23:34.9,card,ANON-0000-0000-0077,87.948,Cortado
5/7/2024,42:07.9,card,ANON-0000-0000-0148,118.818,Cocoa
5/7/2024,55:38.8,card,ANON-0000-0000-0152,87.948,Americano
5/7/2024,37:46.4,card,ANON-0000-0000-0153,118.818,Cappuccino
5/7/2024,38:48.2,card,ANON-0000-0000-0153,118.818,Latte
5/7/2024,35:37.2,cash,,107.1,Americano with Milk
5/7/2024,12:12.5,card,ANON-0000-0000-0154,118.818,Cappuccino
5/7/2024,13:12.2,card,ANON-0000-0000-0154,118.818,Cappuccino
5/8/2024,07:28.9,card,ANON-0000-0000-0001,118.818,Latte
5/9/2024,54:21.8,card,ANON-0000-0000-0155,118.818,Cappuccino
5/9/2024,03:58.6,card,ANON-0000-0000-0156,87.948,Americano
5/9/2024,04:57.6,card,ANON-0000-0000-0156,118.818,Latte
5/9/2024,06:11.3,card,ANON-0000-0000-0156,118.818,Latte
5/9/2024,07:16.4,card,ANON-0000-0000-0156,118.818,Latte
5/9/2024,55:14.6,card,ANON-0000-0000-0118,87.948,Americano
5/9/2024,56:15.0,card,ANON-0000-0000-0118,87.948,Americano
5/9/2024,01:29.9,card,ANON-0000-0000-0157,87.948,Americano
5/9/2024,13:56.2,card,ANON-0000-0000-0143,103.383,Americano with Milk
5/10/2024,09:22.0,cash,,122.85,Latte
5/10/2024,46:21.5,card,ANON-0000-0000-0158,118.818,Latte
5/10/2024,47:32.5,card,ANON-0000-0000-0158,118.818,Latte
5/10/2024,20:15.1,cash,,107.1,Americano with Milk
5/11/2024,39:52.9,card,ANON-0000-0000-0069,118.818,Latte
5/11/2024,02:43.6,cash,,122.85,Latte
5/11/2024,20:30.4,card,ANON-0000-0000-0009,103.383,Americano with Milk
5/11/2024,21:56.1,card,ANON-0000-0000-0026,118.818,Cocoa
5/11/2024,23:57.3,card,ANON-0000-0000-0040,118.818,Cappuccino
5/11/2024,28:54.1,card,ANON-0000-0000-0012,103.383,Americano with Milk
5/11/2024,35:40.3,card,ANON-0000-0000-0115,118.818,Cappuccino
5/11/2024,38:16.1,card,ANON-0000-0000-0159,118.818,Latte
5/12/2024,20:42.5,card,ANON-0000-0000-0001,118.818,Latte
5/12/2024,24:03.5,card,ANON-0000-0000-0160,118.818,Latte
5/12/2024,27:39.0,card,ANON-0000-0000-0161,87.948,Americano
5/12/2024,16:19.8,card,ANON-0000-0000-0077,118.818,Latte
5/12/2024,38:02.4,card,ANON-0000-0000-0162,103.383,Americano with Milk
5/12/2024,52:14.9,card,ANON-0000-0000-0163,103.383,Americano with Milk
5/12/2024,04:21.1,card,ANON-0000-0000-0012,103.383,Americano with Milk
5/12/2024,41:30.6,card,ANON-0000-0000-0009,103.383,Americano with Milk
5/13/2024,03:53.3,card,ANON-0000-0000-0164,103.383,Americano with Milk
5/13/2024,31:10.8,cash,,91.35,Americano
5/13/2024,31:50.9,cash,,91.35,Americano
5/14/2024,38:14.6,card,ANON-0000-0000-0012,87.948,Americano
5/14/2024,39:25.5,card,ANON-0000-0000-0012,87.948,Americano
5/14/2024,40:17.5,card,ANON-0000-0000-0012,87.948,Americano
5/14/2024,19:23.2,card,ANON-0000-0000-0012,118.818,Cappuccino
5/14/2024,32:29.4,card,ANON-0000-0000-0165,118.818,Latte
5/14/2024,34:12.9,card,ANON-0000-0000-0165,118.818,Cappuccino
5/14/2024,04:54.6,card,ANON-0000-0000-0025,118.818,Cappuccino
5/14/2024,06:00.4,card,ANON-0000-0000-0009,103.383,Americano with Milk
5/14/2024,01:54.8,card,ANON-0000-0000-0040,87.948,Americano
5/14/2024,57:57.2,card,ANON-0000-0000-0166,103.383,Americano with Milk
5/14/2024,59:10.2,card,ANON-0000-0000-0166,118.818,Cappuccino
5/14/2024,51:25.2,card,ANON-0000-0000-0167,118.818,Hot Chocolate
5/15/2024,40:05.7,card,ANON-0000-0000-0168,118.818,Latte
5/15/2024,14:19.4,card,ANON-0000-0000-0012,72.513,Espresso
5/15/2024,19:10.0,card,ANON-0000-0000-0012,87.948,Americano
5/15/2024,34:35.1,card,ANON-0000-0000-0003,87.948,Americano
5/15/2024,35:29.2,card,ANON-0000-0000-0003,87.948,Americano
5/15/2024,36:27.3,card,ANON-0000-0000-0003,87.948,Americano
5/15/2024,55:29.0,card,ANON-0000-0000-0164,103.383,Americano with Milk
5/15/2024,38:10.8,cash,,91.35,Americano
5/15/2024,38:52.3,card,ANON-0000-0000-0169,87.948,Cortado
5/15/2024,39:44.4,card,ANON-0000-0000-0012,87.948,Cortado
5/15/2024,28:58.6,card,ANON-0000-0000-0170,72.513,Espresso
5/15/2024,20:34.8,card,ANON-0000-0000-0171,118.818,Cappuccino
5/16/2024,38:42.5,card,ANON-0000-0000-0097,103.383,Americano with Milk
5/16/2024,39:49.4,card,ANON-0000-0000-0172,103.383,Americano with Milk
5/16/2024,42:50.3,cash,,122.85,Latte
5/16/2024,44:20.8,cash,,122.85,Cappuccino
5/16/2024,14:00.1,card,ANON-0000-0000-0173,103.383,Americano with Milk
5/16/2024,15:16.3,card,ANON-0000-0000-0174,118.818,Hot Chocolate
5/16/2024,44:31.5,card,ANON-0000-0000-0069,118.818,Latte
5/16/2024,12:56.9,card,ANON-0000-0000-0175,118.818,Hot Chocolate
5/16/2024,13:58.2,card,ANON-0000-0000-0175,118.818,Latte
5/17/2024,00:48.5,card,ANON-0000-0000-0033,87.948,Americano
5/17/2024,30:27.6,card,ANON-0000-0000-0164,103.383,Americano with Milk
5/17/2024,58:03.1,cash,,107.1,Americano with Milk
5/17/2024,55:18.5,card,ANON-0000-0000-0012,103.383,Americano with Milk
5/17/2024,56:46.8,card,ANON-0000-0000-0009,118.818,Cappuccino
5/17/2024,37:52.9,card,ANON-0000-0000-0176,118.818,Cappuccino
5/17/2024,34:50.8,card,ANON-0000-0000-0177,87.948,Americano
5/17/2024,36:33.4,card,ANON-0000-0000-0178,118.818,Latte
5/17/2024,37:42.8,card,ANON-0000-0000-0179,118.818,Latte
5/18/2024,01:37.9,card,ANON-0000-0000-0180,118.818,Cappuccino
5/18/2024,02:40.0,card,ANON-0000-0000-0180,118.818,Cappuccino
5/18/2024,15:56.1,card,ANON-0000-0000-0181,103.383,Americano with Milk
5/18/2024,48:29.4,card,ANON-0000-0000-0172,103.383,Americano with Milk
5/18/2024,49:27.1,card,ANON-0000-0000-0097,103.383,Americano with Milk
5/18/2024,58:44.2,card,ANON-0000-0000-0040,103.383,Americano with Milk
5/18/2024,22:53.1,card,ANON-0000-0000-0009,118.818,Latte
5/18/2024,05:27.5,cash,,122.85,Cappuccino
5/19/2024,58:38.3,card,ANON-0000-0000-0182,87.948,Americano
5/19/2024,59:33.5,card,ANON-0000-0000-0182,87.948,Americano
5/19/2024,00:35.1,card,ANON-0000-0000-0183,118.818,Cappuccino
5/19/2024,28:49.7,cash,,75.6,Espresso
5/19/2024,14:26.7,card,ANON-0000-0000-0184,103.383,Americano with Milk
5/19/2024,43:40.0,card,ANON-0000-0000-0012,87.948,Americano
5/19/2024,58:58.2,card,ANON-0000-0000-0185,103.383,Americano with Milk
5/19/2024,12:36.3,card,ANON-0000-0000-0186,103.383,Americano with Milk
5/19/2024,13:47.8,card,ANON-0000-0000-0186,72.513,Espresso
5/19/2024,16:30.0,card,ANON-0000-0000-0186,118.818,Hot Chocolate
5/19/2024,51:07.0,card,ANON-0000-0000-0187,118.818,Cappuccino
5/19/2024,15:41.8,card,ANON-0000-0000-0188,118.818,Cappuccino
5/19/2024,18:36.1,card,ANON-0000-0000-0189,118.818,Cappuccino
5/20/2024,05:59.2,card,ANON-0000-0000-0190,103.383,Americano with Milk
5/20/2024,17:51.9,card,ANON-0000-0000-0191,118.818,Latte
5/20/2024,58:48.4,card,ANON-0000-0000-0001,118.818,Latte
5/20/2024,15:16.4,card,ANON-0000-0000-0143,87.948,Americano
5/20/2024,16:19.6,card,ANON-0000-0000-0143,87.948,Americano
5/20/2024,27:13.4,card,ANON-0000-0000-0003,87.948,Americano
5/20/2024,28:10.4,card,ANON-0000-0000-0003,87.948,Americano
5/20/2024,13:19.0,card,ANON-0000-0000-0192,103.383,Americano with Milk
5/20/2024,14:31.4,card,ANON-0000-0000-0192,118.818,Cappuccino
5/20/2024,32:21.3,cash,,91.35,Americano
5/20/2024,12:51.1,card,ANON-0000-0000-0120,118.818,Latte
5/20/2024,13:56.9,card,ANON-0000-0000-0193,118.818,Latte
5/20/2024,36:48.3,card,ANON-0000-0000-0194,103.383,Americano with Milk
5/20/2024,37:57.3,card,ANON-0000-0000-0194,118.818,Cocoa
5/20/2024,46:52.1,card,ANON-0000-0000-0195,87.948,Cortado
5/20/2024,36:54.0,card,ANON-0000-0000-0012,103.383,Americano with Milk
5/20/2024,37:57.8,card,ANON-0000-0000-0012,103.383,Americano with Milk
5/21/2024,27:38.2,card,ANON-0000-0000-0196,118.818,Latte
5/21/2024,43:50.7,cash,,91.35,Americano
5/21/2024,44:40.3,cash,,107.1,Americano with Milk
5/21/2024,46:09.4,cash,,122.85,Cocoa
5/21/2024,05:08.0,cash,,122.85,Latte
5/21/2024,10:20.0,card,ANON-0000-0000-0197,118.818,Latte
5/21/2024,13:24.0,card,ANON-0000-0000-0012,72.513,Espresso
5/21/2024,11:09.2,card,ANON-0000-0000-0198,118.818,Cappuccino
5/21/2024,13:48.4,card,ANON-0000-0000-0199,118.818,Cappuccino
5/22/2024,34:41.8,card,ANON-0000-0000-0200,118.818,Cappuccino
5/22/2024,49:47.0,card,ANON-0000-0000-0191,103.383,Americano with Milk
5/22/2024,18:14.3,card,ANON-0000-0000-0141,87.948,Cortado
5/22/2024,34:55.0,card,ANON-0000-0000-0097,103.383,Americano with Milk
5/22/2024,29:50.8,card,ANON-0000-0000-0012,87.948,Americano
5/22/2024,30:43.3,card,ANON-0000-0000-0012,87.948,Americano
5/22/2024,00:20.5,card,ANON-0000-0000-0009,103.383,Americano with Milk
5/22/2024,24:58.1,card,ANON-0000-0000-0134,118.818,Cappuccino
5/22/2024,25:58.6,card,ANON-0000-0000-0134,118.818,Cappuccino
5/22/2024,23:53.0,card,ANON-0000-0000-0180,118.818,Hot Chocolate
5/22/2024,24:49.6,card,ANON-0000-0000-0180,118.818,Cappuccino
5/23/2024,10:19.6,card,ANON-0000-0000-0201,118.818,Cappuccino
5/23/2024,22:06.6,card,ANON-0000-0000-0202,72.513,Espresso
5/23/2024,55:16.6,card,ANON-0000-0000-0180,118.818,Cappuccino
5/23/2024,56:27.2,card,ANON-0000-0000-0203,118.818,Cappuccino
5/23/2024,18:14.1,card,ANON-0000-0000-0180,118.818,Cappuccino
5/23/2024,41:00.0,card,ANON-0000-0000-0077,118.818,Latte
5/23/2024,14:33.2,card,ANON-0000-0000-0153,118.818,Cappuccino
5/23/2024,15:44.9,card,ANON-0000-0000-0153,118.818,Latte
5/23/2024,03:53.9,card,ANON-0000-0000-0204,87.948,Cortado
5/23/2024,17:28.4,card,ANON-0000-0000-0134,118.818,Cappuccino
5/23/2024,18:26.4,card,ANON-0000-0000-0205,118.818,Cappuccino
5/23/2024,42:31.5,card,ANON-0000-0000-0206,118.818,Cappuccino
5/23/2024,15:01.4,card,ANON-0000-0000-0207,118.818,Cappuccino
5/23/2024,16:24.2,card,ANON-0000-0000-0207,118.818,Latte
5/23/2024,48:10.8,card,ANON-0000-0000-0208,103.383,Americano with Milk
5/23/2024,55:36.9,cash,,122.85,Hot Chocolate
5/24/2024,11:59.2,card,ANON-0000-0000-0141,87.948,Cortado
5/24/2024,15:08.3,card,ANON-0000-0000-0012,87.948,Americano
5/24/2024,16:13.0,card,ANON-0000-0000-0012,87.948,Americano
5/24/2024,07:19.8,card,ANON-0000-0000-0081,118.818,Hot Chocolate
5/24/2024,17:40.3,card,ANON-0000-0000-0209,87.948,Cortado
5/24/2024,18:36.7,card,ANON-0000-0000-0209,87.948,Cortado
5/24/2024,30:40.2,card,ANON-0000-0000-0210,103.383,Americano with Milk
5/25/2024,40:58.8,cash,,91.35,Americano
5/25/2024,13:53.4,card,ANON-0000-0000-0211,118.818,Latte
5/25/2024,40:23.6,cash,,91.35,Americano
5/25/2024,42:10.3,card,ANON-0000-0000-0212,103.383,Americano with Milk
5/25/2024,43:13.3,card,ANON-0000-0000-0212,103.383,Americano with Milk
5/25/2024,58:12.0,card,ANON-0000-0000-0213,103.383,Americano with Milk
5/25/2024,47:09.6,card,ANON-0000-0000-0040,103.383,Americano with Milk
5/25/2024,48:16.8,card,ANON-0000-0000-0040,87.948,Americano
5/26/2024,20:02.2,card,ANON-0000-0000-0001,118.818,Latte
5/26/2024,24:49.8,card,ANON-0000-0000-0214,103.383,Americano with Milk
5/26/2024,26:05.2,card,ANON-0000-0000-0215,87.948,Cortado
5/26/2024,40:58.9,card,ANON-0000-0000-0216,103.383,Americano with Milk
5/26/2024,19:15.5,card,ANON-0000-0000-0217,118.818,Cappuccino
5/26/2024,09:52.8,card,ANON-0000-0000-0218,118.818,Hot Chocolate
5/26/2024,11:02.2,card,ANON-0000-0000-0218,118.818,Hot Chocolate
5/26/2024,13:14.3,card,ANON-0000-0000-0218,87.948,Americano
5/26/2024,39:18.8,card,ANON-0000-0000-0219,118.818,Latte
5/26/2024,59:15.0,card,ANON-0000-0000-0220,118.818,Hot Chocolate
5/26/2024,00:05.6,card,ANON-0000-0000-0220,118.818,Cappuccino
5/26/2024,02:36.9,card,ANON-0000-0000-0221,87.948,Cortado
5/26/2024,03:51.8,card,ANON-0000-0000-0222,118.818,Cappuccino
5/26/2024,04:58.8,card,ANON-0000-0000-0221,118.818,Latte
5/26/2024,06:02.6,card,ANON-0000-0000-0223,118.818,Cappuccino
5/27/2024,34:55.3,card,ANON-0000-0000-0012,87.948,Americano
5/27/2024,05:21.7,card,ANON-0000-0000-0224,103.383,Americano with Milk
5/27/2024,06:43.6,card,ANON-0000-0000-0224,118.818,Cocoa
5/27/2024,11:34.1,card,ANON-0000-0000-0225,87.948,Americano
5/27/2024,14:05.8,card,ANON-0000-0000-0225,87.948,Americano
5/27/2024,50:55.8,card,ANON-0000-0000-0203,118.818,Latte
5/27/2024,00:51.0,card,ANON-0000-0000-0226,87.948,Americano
5/27/2024,16:27.4,card,ANON-0000-0000-0227,118.818,Latte
5/27/2024,17:38.7,card,ANON-0000-0000-0228,118.818,Latte
5/27/2024,29:07.1,card,ANON-0000-0000-0192,103.383,Americano with Milk
5/27/2024,30:19.8,card,ANON-0000-0000-0206,118.818,Cappuccino
5/28/2024,37:09.0,card,ANON-0000-0000-0012,103.383,Americano with Milk
5/28/2024,20:10.7,card,ANON-0000-0000-0097,103.383,Americano with Milk
5/28/2024,48:18.5,card,ANON-0000-0000-0229,118.818,Cappuccino
5/28/2024,14:40.4,card,ANON-0000-0000-0230,118.818,Cappuccino
5/28/2024,10:53.7,card,ANON-0000-0000-0194,118.818,Cocoa
5/28/2024,25:39.3,card,ANON-0000-0000-0141,87.948,Cortado
5/28/2024,21:44.0,cash,,122.85,Cappuccino
5/28/2024,09:29.1,card,ANON-0000-0000-0231,87.948,Americano
5/28/2024,10:31.1,card,ANON-0000-0000-0231,118.818,Latte
5/28/2024,24:32.2,card,ANON-0000-0000-0009,103.383,Americano with Milk
5/28/2024,50:19.4,card,ANON-0000-0000-0012,87.948,Americano
5/29/2024,14:43.7,card,ANON-0000-0000-0232,118.818,Latte
5/29/2024,48:46.8,cash,,122.85,Latte
5/29/2024,14:02.9,card,ANON-0000-0000-0233,118.818,Hot Chocolate
5/29/2024,10:48.5,card,ANON-0000-0000-0234,87.948,Americano
5/29/2024,22:56.3,card,ANON-0000-0000-0235,118.818,Latte
5/29/2024,45:12.7,card,ANON-0000-0000-0236,118.818,Cappuccino
5/29/2024,45:03.9,card,ANON-0000-0000-0237,118.818,Latte
5/29/2024,24:03.3,card,ANON-0000-0000-0238,87.948,Cortado
5/29/2024,24:59.3,card,ANON-0000-0000-0238,118.818,Latte
5/29/2024,30:42.2,card,ANON-0000-0000-0239,118.818,Hot Chocolate
5/29/2024,32:35.2,card,ANON-0000-0000-0240,118.818,Cocoa
5/30/2024,29:06.3,card,ANON-0000-0000-0241,118.818,Cappuccino
5/30/2024,30:21.6,card,ANON-0000-0000-0241,118.818,Latte
5/30/2024,37:05.4,card,ANON-0000-0000-0242,103.383,Americano with Milk
5/30/2024,47:59.1,card,ANON-0000-0000-0001,118.818,Latte
5/30/2024,56:15.5,card,ANON-0000-0000-0097,103.383,Americano with Milk
5/30/2024,16:15.7,card,ANON-0000-0000-0243,72.513,Espresso
5/30/2024,17:38.7,card,ANON-0000-0000-0012,72.513,Espresso
5/30/2024,53:11.2,card,ANON-0000-0000-0206,118.818,Cappuccino
5/30/2024,31:05.4,card,ANON-0000-0000-0244,118.818,Latte
5/30/2024,46:13.8,card,ANON-0000-0000-0009,118.818,Hot Chocolate
5/30/2024,47:21.6,card,ANON-0000-0000-0009,103.383,Americano with Milk
5/31/2024,53:57.3,card,ANON-0000-0000-0245,103.383,Americano with Milk
5/31/2024,21:07.8,card,ANON-0000-0000-0246,118.818,Latte
5/31/2024,23:58.8,cash,,122.85,Latte
5/31/2024,38:07.9,card,ANON-0000-0000-0247,118.818,Hot Chocolate
5/31/2024,39:06.1,card,ANON-0000-0000-0248,118.818,Cocoa
5/31/2024,50:13.0,card,ANON-0000-0000-0249,103.383,Americano with Milk
5/31/2024,23:44.6,card,ANON-0000-0000-0250,118.818,Latte
5/31/2024,25:03.3,card,ANON-0000-0000-0250,118.818,Latte
5/31/2024,06:39.2,card,ANON-0000-0000-0180,118.818,Cappuccino
5/31/2024,33:06.4,card,ANON-0000-0000-0134,103.383,Americano with Milk
5/31/2024,34:32.9,card,ANON-0000-0000-0134,118.818,Latte
5/31/2024,05:47.1,card,ANON-0000-0000-0206,118.818,Cappuccino
5/31/2024,06:52.5,card,ANON-0000-0000-0206,103.383,Americano with Milk
5/31/2024,07:55.4,card,ANON-0000-0000-0206,87.948,Cortado
6/1/2024,27:01.7,card,ANON-0000-0000-0141,87.948,Cortado
6/1/2024,48:24.7,card,ANON-0000-0000-0232,118.818,Latte
6/1/2024,38:09.4,card,ANON-0000-0000-0250,118.818,Latte
6/1/2024,28:53.7,card,ANON-0000-0000-0097,103.383,Americano with Milk
6/1/2024,20:12.8,card,ANON-0000-0000-0251,103.383,Americano with Milk
6/1/2024,21:15.4,card,ANON-0000-0000-0251,103.383,Americano with Milk
6/1/2024,50:10.5,card,ANON-0000-0000-0154,118.818,Cappuccino
6/1/2024,51:13.6,card,ANON-0000-0000-0154,118.818,Cappuccino
6/1/2024,54:59.3,cash,,122.85,Cocoa
6/1/2024,59:09.7,card,ANON-0000-0000-0252,118.818,Cocoa
6/1/2024,51:05.0,card,ANON-0000-0000-0009,103.383,Americano with Milk
6/2/2024,03:25.8,card,ANON-0000-0000-0009,118.818,Latte
6/2/2024,24:02.4,card,ANON-0000-0000-0040,103.383,Americano with Milk
6/2/2024,25:07.2,card,ANON-0000-0000-0040,118.818,Cappuccino
6/2/2024,07:20.5,card,ANON-0000-0000-0097,103.383,Americano with Milk
6/2/2024,30:12.4,card,ANON-0000-0000-0253,118.818,Latte
6/2/2024,43:10.6,cash,,107.1,Americano with Milk
6/3/2024,12:04.1,card,ANON-0000-0000-0001,118.818,Latte
6/3/2024,27:49.8,card,ANON-0000-0000-0191,118.818,Latte
6/3/2024,31:42.3,card,ANON-0000-0000-0025,118.818,Cappuccino
6/3/2024,33:01.0,card,ANON-0000-0000-0024,103.383,Americano with Milk
6/3/2024,34:06.9,card,ANON-0000-0000-0009,118.818,Latte
6/3/2024,42:51.7,cash,,107.1,Americano with Milk
6/3/2024,43:37.5,cash,,107.1,Americano with Milk
6/4/2024,23:42.9,card,ANON-0000-0000-0141,87.948,Cortado
6/4/2024,27:14.0,card,ANON-0000-0000-0097,103.383,Americano with Milk
6/4/2024,02:10.2,card,ANON-0000-0000-0254,118.818,Latte
6/4/2024,05:29.2,card,ANON-0000-0000-0254,118.818,Hot Chocolate
6/4/2024,30:32.5,card,ANON-0000-0000-0255,118.818,Latte
6/4/2024,46:36.7,card,ANON-0000-0000-0192,87.948,Cortado
6/4/2024,47:28.8,card,ANON-0000-0000-0192,118.818,Cappuccino
6/4/2024,13:01.2,card,ANON-0000-0000-0256,118.818,Hot Chocolate
6/4/2024,50:33.9,card,ANON-0000-0000-0257,118.818,Cappuccino
6/4/2024,31:58.9,card,ANON-0000-0000-0258,87.948,Cortado
6/4/2024,33:02.6,card,ANON-0000-0000-0259,103.383,Americano with Milk
6/4/2024,34:55.7,card,ANON-0000-0000-0260,103.383,Americano with Milk
6/4/2024,36:06.9,card,ANON-0000-0000-0260,103.383,Americano with Milk
6/4/2024,37:15.2,card,ANON-0000-0000-0260,103.383,Americano with Milk
6/5/2024,21:49.0,card,ANON-0000-0000-0261,118.818,Cappuccino
6/5/2024,23:06.7,card,ANON-0000-0000-0261,118.818,Cappuccino
6/5/2024,22:43.1,card,ANON-0000-0000-0262,87.948,Americano
6/5/2024,28:50.6,card,ANON-0000-0000-0001,118.818,Latte
6/5/2024,40:53.2,card,ANON-0000-0000-0097,103.383,Americano with Milk
6/5/2024,43:57.7,card,ANON-0000-0000-0263,103.383,Americano with Milk
6/5/2024,59:53.5,card,ANON-0000-0000-0264,118.818,Latte
6/5/2024,10:47.6,card,ANON-0000-0000-0220,118.818,Cocoa
6/5/2024,12:01.7,card,ANON-0000-0000-0220,87.948,Cortado
6/6/2024,52:56.4,card,ANON-0000-0000-0097,103.383,Americano with Milk
6/6/2024,54:08.5,card,ANON-0000-0000-0097,103.383,Americano with Milk
6/6/2024,36:09.7,card,ANON-0000-0000-0001,118.818,Latte
6/6/2024,17:41.5,card,ANON-0000-0000-0265,87.948,Americano
6/6/2024,11:14.2,card,ANON-0000-0000-0224,103.383,Americano with Milk
6/6/2024,24:06.2,card,ANON-0000-0000-0266,118.818,Cappuccino
6/6/2024,14:05.1,card,ANON-0000-0000-0267,118.818,Latte
6/6/2024,15:42.2,card,ANON-0000-0000-0267,118.818,Latte
6/6/2024,18:26.7,card,ANON-0000-0000-0206,118.818,Cappuccino
6/6/2024,19:30.4,card,ANON-0000-0000-0206,103.383,Americano with Milk
6/6/2024,21:04.4,card,ANON-0000-0000-0267,118.818,Latte
6/7/2024,18:04.3,card,ANON-0000-0000-0268,118.818,Cappuccino
6/7/2024,35:28.1,card,ANON-0000-0000-0269,72.513,Espresso
6/7/2024,34:18.3,card,ANON-0000-0000-0164,103.383,Americano with Milk
6/7/2024,45:42.2,card,ANON-0000-0000-0270,87.948,Cortado
6/7/2024,47:15.5,card,ANON-0000-0000-0270,87.948,Cortado
6/8/2024,04:20.0,card,ANON-0000-0000-0271,87.948,Cortado
6/8/2024,26:11.2,card,ANON-0000-0000-0097,103.383,Americano with Milk
6/8/2024,24:54.3,card,ANON-0000-0000-0134,118.818,Cappuccino
6/8/2024,25:56.3,card,ANON-0000-0000-0134,118.818,Cappuccino
6/9/2024,15:52.8,card,ANON-0000-0000-0097,118.818,Latte
6/9/2024,30:04.5,card,ANON-0000-0000-0272,118.818,Latte
6/9/2024,52:05.8,card,ANON-0000-0000-0273,118.818,Cappuccino
6/9/2024,04:41.3,card,ANON-0000-0000-0141,87.948,Cortado
6/9/2024,07:08.1,card,ANON-0000-0000-0274,72.513,Espresso
6/9/2024,52:49.6,card,ANON-0000-0000-0275,118.818,Cappuccino
6/9/2024,11:23.6,card,ANON-0000-0000-0276,103.383,Americano with Milk
6/9/2024,13:08.1,card,ANON-0000-0000-0276,118.818,Latte
6/9/2024,14:10.8,card,ANON-0000-0000-0276,118.818,Latte
6/9/2024,10:30.7,card,ANON-0000-0000-0277,87.948,Cortado
6/9/2024,17:28.2,card,ANON-0000-0000-0278,118.818,Cappuccino
6/9/2024,21:19.3,card,ANON-0000-0000-0279,103.383,Americano with Milk
6/9/2024,05:08.8,card,ANON-0000-0000-0280,87.948,Americano
6/10/2024,47:49.9,card,ANON-0000-0000-0281,118.818,Cappuccino
6/10/2024,56:48.3,card,ANON-0000-0000-0097,118.818,Latte
6/10/2024,04:28.1,card,ANON-0000-0000-0282,118.818,Hot Chocolate
6/10/2024,05:22.8,card,ANON-0000-0000-0282,118.818,Hot Chocolate
6/10/2024,37:23.6,card,ANON-0000-0000-0283,118.818,Latte
6/10/2024,38:19.7,card,ANON-0000-0000-0283,118.818,Latte
6/11/2024,38:04.0,card,ANON-0000-0000-0284,103.383,Americano with Milk
6/11/2024,48:25.3,card,ANON-0000-0000-0285,118.818,Latte
6/11/2024,49:36.4,card,ANON-0000-0000-0285,118.818,Latte
6/11/2024,17:03.3,card,ANON-0000-0000-0286,118.818,Hot Chocolate
6/11/2024,27:41.9,card,ANON-0000-0000-0287,103.383,Americano with Milk
6/11/2024,28:50.2,card,ANON-0000-0000-0287,103.383,Americano with Milk
6/12/2024,18:18.8,card,ANON-0000-0000-0288,118.818,Hot Chocolate
6/12/2024,51:43.9,card,ANON-0000-0000-0289,118.818,Cappuccino
6/12/2024,41:17.2,card,ANON-0000-0000-0283,118.818,Latte
6/12/2024,47:27.9,card,ANON-0000-0000-0290,118.818,Latte
6/12/2024,16:33.6,card,ANON-0000-0000-0256,118.818,Hot Chocolate
6/12/2024,25:34.2,card,ANON-0000-0000-0291,103.383,Americano with Milk
6/13/2024,54:24.2,card,ANON-0000-0000-0292,87.948,Americano
6/13/2024,57:25.6,card,ANON-0000-0000-0097,118.818,Latte
6/13/2024,50:25.0,card,ANON-0000-0000-0293,103.383,Americano with Milk
6/13/2024,57:11.5,card,ANON-0000-0000-0141,87.948,Cortado
6/13/2024,04:58.6,card,ANON-0000-0000-0294,103.383,Americano with Milk
6/13/2024,27:46.6,card,ANON-0000-0000-0295,118.818,Hot Chocolate
6/13/2024,22:19.1,card,ANON-0000-0000-0296,118.818,Latte
6/13/2024,20:51.8,card,ANON-0000-0000-0012,103.383,Americano with Milk
6/13/2024,43:46.0,card,ANON-0000-0000-0012,72.513,Espresso
6/13/2024,45:00.6,card,ANON-0000-0000-0295,72.513,Espresso
6/13/2024,48:17.9,card,ANON-0000-0000-0009,103.383,Americano with Milk
6/13/2024,02:28.4,card,ANON-0000-0000-0009,103.383,Americano with Milk
6/14/2024,46:13.2,card,ANON-0000-0000-0141,87.948,Cortado
6/14/2024,30:31.6,card,ANON-0000-0000-0297,87.948,Americano
6/14/2024,14:41.7,card,ANON-0000-0000-0097,118.818,Latte
6/14/2024,29:53.4,card,ANON-0000-0000-0298,103.383,Americano with Milk
6/15/2024,26:02.0,card,ANON-0000-0000-0299,118.818,Cappuccino
6/15/2024,21:28.1,card,ANON-0000-0000-0300,118.818,Latte
6/15/2024,22:46.9,card,ANON-0000-0000-0300,103.383,Americano with Milk
6/15/2024,23:52.2,card,ANON-0000-0000-0300,72.513,Espresso
6/15/2024,24:35.1,card,ANON-0000-0000-0300,118.818,Cocoa
6/15/2024,25:24.0,card,ANON-0000-0000-0300,103.383,Americano with Milk
6/15/2024,03:29.9,card,ANON-0000-0000-0301,103.383,Americano with Milk
6/15/2024,14:04.6,card,ANON-0000-0000-0302,87.948,Americano
6/16/2024,43:51.5,card,ANON-0000-0000-0059,103.383,Americano with Milk
6/16/2024,58:41.4,card,ANON-0000-0000-0303,118.818,Latte
6/16/2024,00:38.2,card,ANON-0000-0000-0303,118.818,Hot Chocolate
6/16/2024,01:41.5,card,ANON-0000-0000-0303,118.818,Hot Chocolate
6/16/2024,49:27.6,card,ANON-0000-0000-0276,103.383,Americano with Milk
6/16/2024,00:39.0,card,ANON-0000-0000-0274,72.513,Espresso
6/16/2024,02:36.3,card,ANON-0000-0000-0304,103.383,Americano with Milk
6/16/2024,05:10.4,card,ANON-0000-0000-0304,103.383,Americano with Milk
6/16/2024,43:59.6,card,ANON-0000-0000-0305,118.818,Hot Chocolate
6/16/2024,47:36.5,card,ANON-0000-0000-0306,118.818,Hot Chocolate
6/16/2024,45:17.3,card,ANON-0000-0000-0059,103.383,Americano with Milk
6/16/2024,46:16.6,card,ANON-0000-0000-0059,103.383,Americano with Milk
6/17/2024,57:24.0,card,ANON-0000-0000-0307,87.948,Americano
6/17/2024,12:05.1,card,ANON-0000-0000-0308,87.948,Cortado
6/17/2024,13:37.6,card,ANON-0000-0000-0308,87.948,Cortado
6/17/2024,55:51.6,card,ANON-0000-0000-0042,118.818,Cappuccino
6/17/2024,51:35.4,card,ANON-0000-0000-0164,118.818,Cappuccino
6/17/2024,50:13.4,card,ANON-0000-0000-0012,118.818,Cappuccino
6/17/2024,51:11.0,card,ANON-0000-0000-0012,118.818,Cappuccino
6/17/2024,52:36.3,card,ANON-0000-0000-0012,87.948,Americano
6/17/2024,51:19.6,card,ANON-0000-0000-0309,87.948,Americano
6/17/2024,16:11.5,card,ANON-0000-0000-0009,103.383,Americano with Milk
6/18/2024,04:06.1,card,ANON-0000-0000-0299,87.948,Americano
6/18/2024,05:12.3,card,ANON-0000-0000-0299,118.818,Cappuccino
6/18/2024,20:40.6,card,ANON-0000-0000-0154,118.818,Cappuccino
6/18/2024,21:38.9,card,ANON-0000-0000-0154,118.818,Cappuccino
6/18/2024,35:49.5,card,ANON-0000-0000-0310,87.948,Cortado
6/18/2024,20:49.5,card,ANON-0000-0000-0012,103.383,Americano with Milk
6/18/2024,22:18.5,card,ANON-0000-0000-0012,103.383,Americano with Milk
6/19/2024,47:19.8,card,ANON-0000-0000-0311,118.818,Latte
6/19/2024,17:54.5,card,ANON-0000-0000-0141,87.948,Cortado
6/19/2024,54:00.5,card,ANON-0000-0000-0312,87.948,Americano
6/19/2024,11:27.8,card,ANON-0000-0000-0313,118.818,Latte
6/19/2024,12:31.4,card,ANON-0000-0000-0313,118.818,Cocoa
6/19/2024,21:36.3,card,ANON-0000-0000-0164,103.383,Americano with Milk
6/19/2024,28:43.4,card,ANON-0000-0000-0153,118.818,Cappuccino
6/19/2024,29:59.0,card,ANON-0000-0000-0153,118.818,Latte
6/19/2024,31:31.3,card,ANON-0000-0000-0009,103.383,Americano with Milk
6/19/2024,28:59.5,card,ANON-0000-0000-0192,118.818,Cappuccino
6/19/2024,30:03.5,card,ANON-0000-0000-0192,103.383,Americano with Milk
6/20/2024,50:06.5,card,ANON-0000-0000-0097,118.818,Latte
6/20/2024,59:02.1,card,ANON-0000-0000-0314,118.818,Latte
6/20/2024,00:00.2,card,ANON-0000-0000-0314,118.818,Latte
6/20/2024,39:10.0,card,ANON-0000-0000-0257,118.818,Latte
6/20/2024,57:40.6,card,ANON-0000-0000-0009,118.818,Latte
6/20/2024,59:17.6,card,ANON-0000-0000-0009,103.383,Americano with Milk
6/21/2024,59:55.9,card,ANON-0000-0000-0311,118.818,Latte
6/21/2024,01:40.2,card,ANON-0000-0000-0315,87.948,Americano
6/21/2024,19:19.4,card,ANON-0000-0000-0012,103.383,Americano with Milk
6/21/2024,20:31.5,card,ANON-0000-0000-0012,103.383,Americano with Milk
6/21/2024,12:16.1,card,ANON-0000-0000-0316,72.513,Espresso
6/21/2024,30:26.7,card,ANON-0000-0000-0009,118.818,Latte
6/21/2024,47:06.2,card,ANON-0000-0000-0154,118.818,Cappuccino
6/21/2024,48:06.7,card,ANON-0000-0000-0154,118.818,Cappuccino
6/21/2024,49:54.5,card,ANON-0000-0000-0180,118.818,Cappuccino
6/21/2024,51:00.2,card,ANON-0000-0000-0180,118.818,Cappuccino
6/21/2024,52:18.8,card,ANON-0000-0000-0180,87.948,Americano
6/21/2024,55:37.1,card,ANON-0000-0000-0311,103.383,Americano with Milk
6/22/2024,39:50.3,card,ANON-0000-0000-0141,87.948,Cortado
6/22/2024,37:48.8,card,ANON-0000-0000-0311,103.383,Americano with Milk
6/22/2024,53:15.5,card,ANON-0000-0000-0317,103.383,Americano with Milk
6/22/2024,37:20.1,card,ANON-0000-0000-0009,118.818,Latte
6/22/2024,10:23.0,card,ANON-0000-0000-0318,118.818,Cappuccino
6/23/2024,12:01.4,card,ANON-0000-0000-0012,103.383,Americano with Milk
6/23/2024,13:50.6,card,ANON-0000-0000-0012,103.383,Americano with Milk
6/23/2024,06:47.0,card,ANON-0000-0000-0319,118.818,Cappuccino
6/23/2024,29:07.8,card,ANON-0000-0000-0320,118.818,Latte
6/23/2024,30:36.4,card,ANON-0000-0000-0320,118.818,Cappuccino
6/24/2024,44:39.9,card,ANON-0000-0000-0164,103.383,Americano with Milk
6/24/2024,49:36.0,card,ANON-0000-0000-0180,118.818,Cappuccino
6/24/2024,50:44.1,card,ANON-0000-0000-0180,118.818,Cappuccino
6/24/2024,02:29.0,card,ANON-0000-0000-0321,118.818,Latte
6/24/2024,46:00.6,card,ANON-0000-0000-0203,118.818,Cappuccino
6/24/2024,47:00.4,card,ANON-0000-0000-0203,118.818,Cappuccino
6/25/2024,19:24.2,card,ANON-0000-0000-0322,118.818,Latte
6/25/2024,28:26.4,card,ANON-0000-0000-0012,103.383,Americano with Milk
6/25/2024,29:42.4,card,ANON-0000-0000-0040,103.383,Americano with Milk
6/25/2024,34:52.3,card,ANON-0000-0000-0203,118.818,Cappuccino
6/26/2024,33:01.7,card,ANON-0000-0000-0323,118.818,Latte
6/26/2024,32:29.5,card,ANON-0000-0000-0324,72.513,Espresso
6/26/2024,34:01.6,card,ANON-0000-0000-0325,87.948,Americano
6/26/2024,21:53.3,card,ANON-0000-0000-0009,118.818,Latte
6/26/2024,27:00.8,card,ANON-0000-0000-0009,118.818,Cappuccino
6/26/2024,28:14.6,card,ANON-0000-0000-0206,103.383,Americano with Milk
6/27/2024,15:43.2,card,ANON-0000-0000-0326,103.383,Americano with Milk
6/27/2024,11:48.0,card,ANON-0000-0000-0327,87.948,Cortado
6/27/2024,44:03.4,card,ANON-0000-0000-0328,103.383,Americano with Milk
6/27/2024,50:31.6,card,ANON-0000-0000-0329,118.818,Cappuccino
6/28/2024,08:35.0,card,ANON-0000-0000-0141,87.948,Cortado
6/28/2024,51:54.0,card,ANON-0000-0000-0274,72.513,Espresso
6/28/2024,50:55.4,card,ANON-0000-0000-0330,103.383,Americano with Milk
6/28/2024,52:01.9,card,ANON-0000-0000-0331,118.818,Latte
6/28/2024,28:20.0,card,ANON-0000-0000-0332,118.818,Cappuccino
6/29/2024,47:10.3,card,ANON-0000-0000-0097,103.383,Americano with Milk
6/29/2024,40:19.6,card,ANON-0000-0000-0333,103.383,Americano with Milk
6/29/2024,41:26.6,card,ANON-0000-0000-0333,103.383,Americano with Milk
6/29/2024,30:24.4,card,ANON-0000-0000-0334,118.818,Cappuccino
6/29/2024,31:42.6,card,ANON-0000-0000-0334,118.818,Cappuccino
6/29/2024,23:43.6,card,ANON-0000-0000-0335,118.818,Cappuccino
6/29/2024,24:52.4,card,ANON-0000-0000-0335,118.818,Hot Chocolate
6/29/2024,27:22.4,card,ANON-0000-0000-0009,118.818,Latte
6/30/2024,28:09.8,card,ANON-0000-0000-0336,118.818,Latte
6/30/2024,05:50.6,card,ANON-0000-0000-0337,72.513,Espresso
6/30/2024,54:41.7,card,ANON-0000-0000-0009,118.818,Hot Chocolate
6/30/2024,04:09.7,card,ANON-0000-0000-0097,103.383,Americano with Milk
